bank	model	tau	precision	recall	raw_ref_recall	recall_drop_from_raw_ref	left_tau	right_tau
raw (~1k)	HN1024	0.788314	18.495579	98.100608	99.100608	1.000000	0.780000	0.790000
gs10k	HN1024	0.788314	17.482862	98.100608	99.100608	1.000000	0.780000	0.790000
gs100k	HN1024	0.787415	13.703707	98.100608	99.100608	1.000000	0.780000	0.790000
