dataset	method	lang	lm	talks	segments	xcomet_mean	xcomet_mean_x100	xcomet_talk_macro_mean	model_id	model_revision	scoring_config_sha256	instances_log_sha256
acl_retrieval_degradation_replicate2	RASST-R2-0	ja	2	5	468	0.7037905372	70.3790537217	0.6993243632	Unbabel/XCOMET-XXL	873bac1b1c461e410c4a6e379f6790d3d1c7c214	97ea904038b5a211f5cc42f9ebead54080914490d71f0a8d7526b18faeb06ce6	0c9badbb049e5a45cb4cc108b89caa457b9527d2cbbae358c961b54b1e19a261
acl_retrieval_degradation_replicate2	RASST-R2-25	ja	2	5	468	0.6440768435	64.4076843547	0.6299387432	Unbabel/XCOMET-XXL	873bac1b1c461e410c4a6e379f6790d3d1c7c214	97ea904038b5a211f5cc42f9ebead54080914490d71f0a8d7526b18faeb06ce6	6ace3d91c9087b48d2681d9a4d488f669bb4630c435831d5a0364ab51e30d51a
acl_retrieval_degradation_replicate2	RASST-R2-50	ja	2	5	468	0.6930779267	69.3077926744	0.6883547826	Unbabel/XCOMET-XXL	873bac1b1c461e410c4a6e379f6790d3d1c7c214	97ea904038b5a211f5cc42f9ebead54080914490d71f0a8d7526b18faeb06ce6	5b392d5ab9346b698a289aa8aff1f6b4b64aa503365dd90e9e9b42562b6be8dd
acl_retrieval_degradation_seed20260712	RASST-S12-0	ja	2	5	468	0.7037905372	70.3790537217	0.6993243632	Unbabel/XCOMET-XXL	873bac1b1c461e410c4a6e379f6790d3d1c7c214	97ea904038b5a211f5cc42f9ebead54080914490d71f0a8d7526b18faeb06ce6	0c9badbb049e5a45cb4cc108b89caa457b9527d2cbbae358c961b54b1e19a261
acl_retrieval_degradation_seed20260712	RASST-S12-25	ja	2	5	468	0.6841684258	68.4168425826	0.6793503140	Unbabel/XCOMET-XXL	873bac1b1c461e410c4a6e379f6790d3d1c7c214	97ea904038b5a211f5cc42f9ebead54080914490d71f0a8d7526b18faeb06ce6	66c43afa1314131f1a89cd0cee9b19cf007bc1fdd4bff9f51f988db43f63b775
acl_retrieval_degradation_seed20260712	RASST-S12-50	ja	2	5	468	0.6713665344	67.1366534427	0.6656185679	Unbabel/XCOMET-XXL	873bac1b1c461e410c4a6e379f6790d3d1c7c214	97ea904038b5a211f5cc42f9ebead54080914490d71f0a8d7526b18faeb06ce6	71a15c770abfb77b9c2419b401784d901b818ff927c904bfc1f1d57ce1961b4a
