dataset	lang	tokenizer	sentences	source_tokens	source_glossary_term_tokens	source_glossary_term_share_pct	source_glossary_term_sentences	source_glossary_term_sentence_share_pct	target_tokens	aligned_gold_term_tokens	aligned_gold_term_share_pct	aligned_gold_term_sentences	aligned_gold_term_sentence_share_pct	aligned_term_pair_occurrences	matched_unique_term_pairs	glossary_term_pairs	source_sha256	reference_sha256	glossary_sha256
acl_tagged_raw	zh	zh	468	8808	1224	13.896458	410	87.606838	14222	2568	18.056532	405	86.538462	1173	238	238	aa37f443c0e1c6d23fac0ef285230c29e9a25e7941d45cb796c622a5c15452d1	0b1e32490472b7ff98c8a3d0a83092d10b633283ebc7b4daf1888e3a344f4f72	f9f171c6475c4bb19250f5f93063a5ef034cbdcc1f8a995c593647718cf9a5b6
acl_tagged_raw	de	13a	468	8808	1224	13.896458	410	87.606838	8763	934	10.658450	392	83.760684	971	233	238	aa37f443c0e1c6d23fac0ef285230c29e9a25e7941d45cb796c622a5c15452d1	fd6b1de66cd0aa5a9219a79aebaedc15d5117dff5339cd9cf7613e951a311160	f9f171c6475c4bb19250f5f93063a5ef034cbdcc1f8a995c593647718cf9a5b6
acl_tagged_raw	ja	ja-mecab	468	8808	1220	13.851045	410	87.606838	11631	1423	12.234546	398	85.042735	1122	237	237	aa37f443c0e1c6d23fac0ef285230c29e9a25e7941d45cb796c622a5c15452d1	960056c518e3bb4ec779d1c37b56a2782f02927e0ee42670bbd196beca62607e	f9f171c6475c4bb19250f5f93063a5ef034cbdcc1f8a995c593647718cf9a5b6
medicine_hardraw	de	13a	1437	34906	1312	3.758666	552	38.413361	36764	807	2.195082	454	31.593598	647	161	212	dfaedcfd57afb754db56ddb52e53c011719ea799e70fbf94da54a01a170fa9ce	835ff93c4703118319123258e806283f9041f9abc97dd91ca8cd0fd1eb27ca03	382bf8d5ef8371b9e5a7cbf0b65c1f6db8be18cf8fb75ec2db8f9fad895f4bd9
