dataset	method	lang	lm	talks	segments	xcomet_mean	xcomet_mean_x100	xcomet_talk_macro_mean	model_id	model_revision	scoring_config_sha256	instances_log_sha256
medicine_hardraw	InfiniSST	de	1	5	1437	0.7644106817	76.4410681691	0.7614939051	Unbabel/XCOMET-XXL	873bac1b1c461e410c4a6e379f6790d3d1c7c214	abc46556ee285005c82f8c0ea9cc2a22a6999b615781a84929397a1bc6270be4	2d93fb2590c59b9ea9735dd81b4a25bdab05b6e5b3ced94a0fa1a09484fac8b0
medicine_hardraw	InfiniSST	de	2	5	1437	0.7871020436	78.7102043618	0.7855728991	Unbabel/XCOMET-XXL	873bac1b1c461e410c4a6e379f6790d3d1c7c214	abc46556ee285005c82f8c0ea9cc2a22a6999b615781a84929397a1bc6270be4	070bfbd2cb0b156f3ce00947a6c84ab9af8d91abf0fc4b6980aa2674a250e7e5
medicine_hardraw	InfiniSST	de	3	5	1437	0.7836947244	78.3694724439	0.7820453814	Unbabel/XCOMET-XXL	873bac1b1c461e410c4a6e379f6790d3d1c7c214	abc46556ee285005c82f8c0ea9cc2a22a6999b615781a84929397a1bc6270be4	551717f09af992ae31c35b559ddf2cbfba20d1c64627337c0677732b05e0a758
medicine_hardraw	InfiniSST	de	4	5	1437	0.7864331029	78.6433102904	0.7884227029	Unbabel/XCOMET-XXL	873bac1b1c461e410c4a6e379f6790d3d1c7c214	abc46556ee285005c82f8c0ea9cc2a22a6999b615781a84929397a1bc6270be4	9c0348f82e503cc5f26815daf84a2d5251b582bef420b2fc0c8c7122ff6c66fa
medicine_hardraw	RASST	de	1	5	1437	0.7087794442	70.8779444157	0.6977247114	Unbabel/XCOMET-XXL	873bac1b1c461e410c4a6e379f6790d3d1c7c214	abc46556ee285005c82f8c0ea9cc2a22a6999b615781a84929397a1bc6270be4	7247f30e8a9aae9fe5ae5ab6c526346fc8e1884c77abf246c03c69dc41c2d2b9
medicine_hardraw	RASST	de	2	5	1437	0.7750684099	77.5068409871	0.7760957425	Unbabel/XCOMET-XXL	873bac1b1c461e410c4a6e379f6790d3d1c7c214	abc46556ee285005c82f8c0ea9cc2a22a6999b615781a84929397a1bc6270be4	78e4aaf2663e8862dfd819c4930840c9d993444645019e3efa2b7743cee9ccaf
medicine_hardraw	RASST	de	3	5	1437	0.7698811043	76.9881104269	0.7639717703	Unbabel/XCOMET-XXL	873bac1b1c461e410c4a6e379f6790d3d1c7c214	abc46556ee285005c82f8c0ea9cc2a22a6999b615781a84929397a1bc6270be4	f7bc53e9ffd5a4275dd5f027cb76340a9015786296797be8bd3d8423cbc1ae29
medicine_hardraw	RASST	de	4	5	1437	0.7838625901	78.3862590079	0.7834590444	Unbabel/XCOMET-XXL	873bac1b1c461e410c4a6e379f6790d3d1c7c214	abc46556ee285005c82f8c0ea9cc2a22a6999b615781a84929397a1bc6270be4	94f45d10e9d22bff48f4d396a5834734cdf0cc4959b02ae72eea3104dda3ea6d
