dataset	method	lang	lm	talks	segments	xcomet_mean	xcomet_mean_x100	xcomet_talk_macro_mean	model_id	model_revision	scoring_config_sha256	instances_log_sha256
medicine_hardraw	InfiniSST	de	4	5	1437	0.7861497879	78.6149787904	0.7880545060	Unbabel/XCOMET-XXL	873bac1b1c461e410c4a6e379f6790d3d1c7c214	a6c000a72eca59f832a3ae15e6fbbdc9135a0207edc43acf80ba15b74e5ad0cb	1d4ee49a4777c10d07a0f087a57a9137f6308cdce5b10e8f707173db99b009d4
medicine_hardraw	RASST	de	4	5	1437	0.7431442399	74.3144239922	0.7490181619	Unbabel/XCOMET-XXL	873bac1b1c461e410c4a6e379f6790d3d1c7c214	a6c000a72eca59f832a3ae15e6fbbdc9135a0207edc43acf80ba15b74e5ad0cb	220b24dde23195717f340ab8399a7b810f6eeea4ce1df147970b689c0d0cba16
