dataset	lang	lm	rasst_method	infinisst_method	paired_talks	paired_segments	rasst_xcomet_mean	infinisst_xcomet_mean	delta_rasst_minus_infinisst	paired_delta_stddev	rasst_wins	ties	infinisst_wins
medicine_hardraw	de	1	RASST	InfiniSST	5	1437	0.7087794442	0.7644106817	-0.0556312375	0.2435223088	568	43	826
medicine_hardraw	de	2	RASST	InfiniSST	5	1437	0.7750684099	0.7871020436	-0.0120336337	0.1955981047	646	55	736
medicine_hardraw	de	3	RASST	InfiniSST	5	1437	0.7698811043	0.7836947244	-0.0138136202	0.1986097558	598	55	784
medicine_hardraw	de	4	RASST	InfiniSST	5	1437	0.7838625901	0.7864331029	-0.0025705128	0.1757142531	643	70	724
